<edmx:Edmx xmlns:edmx="http://schemas.microsoft.com/ado/2007/06/edmx" xmlns:m="http://schemas.microsoft.com/ado/2007/08/dataservices/metadata" xmlns:sap="http://www.sap.com/Protocols/SAPData" Version="1.0">
<edmx:Reference xmlns:edmx="http://docs.oasis-open.org/odata/ns/edmx" Uri="https://my418719-api.s4hana.cloud.sap/sap/opu/odata/iwfnd/catalogservice;v=2/Vocabularies(TechnicalName='%2FIWBEP%2FVOC_AGGREGATION',Version='0001',SAP__Origin='')/$value">
<edmx:Include Namespace="Org.OData.Aggregation.V1" Alias="Aggregation"/>
</edmx:Reference>
<edmx:Reference xmlns:edmx="http://docs.oasis-open.org/odata/ns/edmx" Uri="https://my418719-api.s4hana.cloud.sap/sap/opu/odata/iwfnd/catalogservice;v=2/Vocabularies(TechnicalName='%2FIWBEP%2FVOC_ANALYTICS',Version='0001',SAP__Origin='')/$value">
<edmx:Include Namespace="com.sap.vocabularies.Analytics.v1" Alias="Analytics"/>
</edmx:Reference>
<edmx:Reference xmlns:edmx="http://docs.oasis-open.org/odata/ns/edmx" Uri="https://my418719-api.s4hana.cloud.sap/sap/opu/odata/iwfnd/catalogservice;v=2/Vocabularies(TechnicalName='%2FIWBEP%2FVOC_CAPABILITIES',Version='0001',SAP__Origin='')/$value">
<edmx:Include Namespace="Org.OData.Capabilities.V1" Alias="Capabilities"/>
</edmx:Reference>
<edmx:Reference xmlns:edmx="http://docs.oasis-open.org/odata/ns/edmx" Uri="https://my418719-api.s4hana.cloud.sap/sap/opu/odata/iwfnd/catalogservice;v=2/Vocabularies(TechnicalName='%2FIWBEP%2FVOC_CODELIST',Version='0001',SAP__Origin='')/$value">
<edmx:Include Namespace="com.sap.vocabularies.CodeList.v1" Alias="SAP__CodeList"/>
</edmx:Reference>
<edmx:Reference xmlns:edmx="http://docs.oasis-open.org/odata/ns/edmx" Uri="https://my418719-api.s4hana.cloud.sap/sap/opu/odata/iwfnd/catalogservice;v=2/Vocabularies(TechnicalName='%2FIWBEP%2FVOC_COMMON',Version='0001',SAP__Origin='')/$value">
<edmx:Include Namespace="com.sap.vocabularies.Common.v1" Alias="Common"/>
<edmx:Include Namespace="com.sap.vocabularies.Common.v1" Alias="SAP__common"/>
</edmx:Reference>
<edmx:Reference xmlns:edmx="http://docs.oasis-open.org/odata/ns/edmx" Uri="https://my418719-api.s4hana.cloud.sap/sap/opu/odata/iwfnd/catalogservice;v=2/Vocabularies(TechnicalName='%2FIWBEP%2FVOC_COMMUNICATION',Version='0001',SAP__Origin='')/$value">
<edmx:Include Namespace="com.sap.vocabularies.Communication.v1" Alias="Communication"/>
</edmx:Reference>
<edmx:Reference xmlns:edmx="http://docs.oasis-open.org/odata/ns/edmx" Uri="https://my418719-api.s4hana.cloud.sap/sap/opu/odata/iwfnd/catalogservice;v=2/Vocabularies(TechnicalName='%2FIWBEP%2FVOC_CORE',Version='0001',SAP__Origin='')/$value">
<edmx:Include Namespace="Org.OData.Core.V1" Alias="SAP__core"/>
</edmx:Reference>
<edmx:Reference xmlns:edmx="http://docs.oasis-open.org/odata/ns/edmx" Uri="https://my418719-api.s4hana.cloud.sap/sap/opu/odata/iwfnd/catalogservice;v=2/Vocabularies(TechnicalName='%2FIWBEP%2FVOC_MEASURES',Version='0001',SAP__Origin='')/$value">
<edmx:Include Namespace="Org.OData.Measures.V1" Alias="Measures"/>
</edmx:Reference>
<edmx:Reference xmlns:edmx="http://docs.oasis-open.org/odata/ns/edmx" Uri="https://my418719-api.s4hana.cloud.sap/sap/opu/odata/iwfnd/catalogservice;v=2/Vocabularies(TechnicalName='%2FIWBEP%2FVOC_ODM',Version='0001',SAP__Origin='')/$value">
<edmx:Include Namespace="com.sap.vocabularies.ODM.v1" Alias="SAP__ODM"/>
</edmx:Reference>
<edmx:Reference xmlns:edmx="http://docs.oasis-open.org/odata/ns/edmx" Uri="https://my418719-api.s4hana.cloud.sap/sap/opu/odata/iwfnd/catalogservice;v=2/Vocabularies(TechnicalName='%2FIWBEP%2FVOC_PDF',Version='0001',SAP__Origin='')/$value">
<edmx:Include Namespace="com.sap.vocabularies.PDF.v1" Alias="SAP__PDF"/>
</edmx:Reference>
<edmx:Reference xmlns:edmx="http://docs.oasis-open.org/odata/ns/edmx" Uri="https://my418719-api.s4hana.cloud.sap/sap/opu/odata/iwfnd/catalogservice;v=2/Vocabularies(TechnicalName='%2FIWBEP%2FVOC_PERSONALDATA',Version='0001',SAP__Origin='')/$value">
<edmx:Include Namespace="com.sap.vocabularies.PersonalData.v1" Alias="PersonalData"/>
</edmx:Reference>
<edmx:Reference xmlns:edmx="http://docs.oasis-open.org/odata/ns/edmx" Uri="https://my418719-api.s4hana.cloud.sap/sap/opu/odata/iwfnd/catalogservice;v=2/Vocabularies(TechnicalName='%2FIWBEP%2FVOC_UI',Version='0001',SAP__Origin='')/$value">
<edmx:Include Namespace="com.sap.vocabularies.UI.v1" Alias="UI"/>
</edmx:Reference>
<edmx:Reference xmlns:edmx="http://docs.oasis-open.org/odata/ns/edmx" Uri="https://my418719-api.s4hana.cloud.sap/sap/opu/odata/iwfnd/catalogservice;v=2/Vocabularies(TechnicalName='%2FIWBEP%2FVOC_VALIDATION',Version='0001',SAP__Origin='')/$value">
<edmx:Include Namespace="Org.OData.Validation.V1" Alias="Validation"/>
</edmx:Reference>
<edmx:DataServices m:DataServiceVersion="2.0">
<Schema xmlns="http://schemas.microsoft.com/ado/2008/09/edm" Namespace="cds_zui_zsoscheme01" xml:lang="en" sap:schema-version="1">
<EntityType Name="I_CompanyCodeVHType" sap:label="Company Code" sap:value-list="true" sap:content-version="1">
<Key>
<PropertyRef Name="CompanyCode"/>
</Key>
<Property Name="CompanyCode" Type="Edm.String" Nullable="false" MaxLength="4" sap:display-format="UpperCase" sap:text="CompanyCodeName" sap:label="Company Code"/>
<Property Name="CompanyCodeName" Type="Edm.String" MaxLength="25" sap:label="Company Name" sap:quickinfo="Name of Company Code or Company"/>
<Property Name="ControllingArea" Type="Edm.String" MaxLength="4" sap:display-format="UpperCase" sap:label="Controlling Area"/>
<Property Name="CityName" Type="Edm.String" MaxLength="25" sap:label="City"/>
<Property Name="Country" Type="Edm.String" MaxLength="3" sap:display-format="UpperCase" sap:label="Country/Region Key"/>
<Property Name="Currency" Type="Edm.String" MaxLength="5" sap:display-format="UpperCase" sap:label="Currency" sap:quickinfo="Currency Key" sap:semantics="currency-code"/>
<Property Name="Language" Type="Edm.String" MaxLength="2" sap:label="Language Key"/>
<Property Name="ChartOfAccounts" Type="Edm.String" MaxLength="4" sap:display-format="UpperCase" sap:label="Chart of Accounts"/>
<Property Name="FiscalYearVariant" Type="Edm.String" MaxLength="2" sap:display-format="UpperCase" sap:label="Fiscal Year Variant"/>
<Property Name="Company" Type="Edm.String" MaxLength="6" sap:display-format="UpperCase" sap:label="Company"/>
<Property Name="CreditControlArea" Type="Edm.String" MaxLength="4" sap:display-format="UpperCase" sap:label="Credit Control Area"/>
<Property Name="CountryChartOfAccounts" Type="Edm.String" MaxLength="4" sap:display-format="UpperCase" sap:label="Alternative Chart of Accounts" sap:quickinfo="Alternative Chart of Accounts for Country/Region"/>
<Property Name="FinancialManagementArea" Type="Edm.String" MaxLength="4" sap:display-format="UpperCase" sap:label="FM Area" sap:quickinfo="Financial Management Area"/>
</EntityType>
<EntityType Name="I_SalesOrderStdVHType" sap:label="Sales Order" sap:value-list="true" sap:content-version="1">
<Key>
<PropertyRef Name="SalesOrder"/>
</Key>
<Property Name="SalesOrder" Type="Edm.String" Nullable="false" MaxLength="10" sap:display-format="UpperCase" sap:label="Sales Order"/>
</EntityType>
<EntityType Name="zsoschemeType" sap:label="Projection View forzsoscheme" sap:content-version="1">
<Key>
<PropertyRef Name="Bukrs"/>
<PropertyRef Name="Salesorder"/>
<PropertyRef Name="Schemecode"/>
<PropertyRef Name="Schemegroupcode"/>
</Key>
<Property Name="Delete_mc" Type="Edm.Boolean" sap:label="Dyn. Method Control" sap:creatable="false" sap:updatable="false" sap:sortable="false" sap:filterable="false"/>
<Property Name="Update_mc" Type="Edm.Boolean" sap:label="Dyn. Method Control" sap:creatable="false" sap:updatable="false" sap:sortable="false" sap:filterable="false"/>
<Property Name="to_zsoschemelines_oc" Type="Edm.Boolean" sap:label="Dynamic CbA-Control" sap:creatable="false" sap:updatable="false" sap:sortable="false" sap:filterable="false"/>
<Property Name="Bukrs" Type="Edm.String" Nullable="false" MaxLength="4" sap:label="Company" sap:updatable="false" sap:value-list="standard"/>
<Property Name="Salesorder" Type="Edm.String" Nullable="false" MaxLength="10" sap:label="Sales Order" sap:updatable="false" sap:value-list="standard"/>
<Property Name="Schemecode" Type="Edm.String" Nullable="false" MaxLength="15" sap:label="Scheme Code" sap:updatable="false"/>
<Property Name="Schemegroupcode" Type="Edm.String" Nullable="false" MaxLength="2" sap:label="Scheme Group Code" sap:updatable="false"/>
<Property Name="Schemecheckcode" Type="Edm.String" MaxLength="18" sap:label="Scheme combination"/>
<Property Name="Orderqty" Type="Edm.Byte" sap:label="Order Qty"/>
<Property Name="Freeqty" Type="Edm.Byte" sap:label="Free Qty"/>
<Property Name="Appliedqty" Type="Edm.Byte" sap:label="Applied Qty"/>
<Property Name="CreatedBy" Type="Edm.String" MaxLength="12" sap:display-format="UpperCase" sap:label="Created By" sap:quickinfo="Created By User" sap:creatable="false" sap:updatable="false"/>
<Property Name="CreatedAt" Type="Edm.DateTimeOffset" Precision="7" sap:label="Created On" sap:quickinfo="Creation Date Time" sap:creatable="false" sap:updatable="false"/>
<Property Name="LastChangedBy" Type="Edm.String" MaxLength="12" sap:display-format="UpperCase" sap:label="Changed By" sap:quickinfo="Local Instance Last Changed By User"/>
<Property Name="LastChangedAt" Type="Edm.DateTimeOffset" Precision="7" sap:label="Changed On" sap:quickinfo="Local Instance Last Change Date Time" sap:creatable="false" sap:updatable="false"/>
<Property Name="LocalLastChangedAt" Type="Edm.DateTimeOffset" Precision="7" sap:label="Changed On" sap:quickinfo="Last Change Date Time" sap:creatable="false" sap:updatable="false"/>
<NavigationProperty Name="to_zsoschemelines" Relationship="cds_zui_zsoscheme01.assoc_8DD0DF6B715D380A1162DD427957C514" FromRole="FromRole_assoc_8DD0DF6B715D380A1162DD427957C514" ToRole="ToRole_assoc_8DD0DF6B715D380A1162DD427957C514"/>
</EntityType>
<EntityType Name="zsoschemelinesType" sap:label="Projection View forzsoschemelines" sap:content-version="1">
<Key>
<PropertyRef Name="Bukrs"/>
<PropertyRef Name="Salesorder"/>
<PropertyRef Name="Schemecode"/>
<PropertyRef Name="Schemegroupcode"/>
<PropertyRef Name="Productcode"/>
</Key>
<Property Name="Delete_mc" Type="Edm.Boolean" sap:label="Dyn. Method Control" sap:creatable="false" sap:updatable="false" sap:sortable="false" sap:filterable="false"/>
<Property Name="Update_mc" Type="Edm.Boolean" sap:label="Dyn. Method Control" sap:creatable="false" sap:updatable="false" sap:sortable="false" sap:filterable="false"/>
<Property Name="Bukrs" Type="Edm.String" Nullable="false" MaxLength="4" sap:label="Company" sap:creatable="false" sap:updatable="false"/>
<Property Name="Salesorder" Type="Edm.String" Nullable="false" MaxLength="10" sap:label="Sales Order" sap:creatable="false" sap:updatable="false"/>
<Property Name="Schemecode" Type="Edm.String" Nullable="false" MaxLength="15" sap:label="Scheme Code" sap:creatable="false" sap:updatable="false"/>
<Property Name="Schemegroupcode" Type="Edm.String" Nullable="false" MaxLength="2" sap:label="Group Code" sap:creatable="false" sap:updatable="false"/>
<Property Name="Productcode" Type="Edm.String" Nullable="false" MaxLength="40" sap:label="Product Code" sap:updatable="false"/>
<Property Name="Schemecheckcode" Type="Edm.String" MaxLength="18" sap:label="Scheme Combination" sap:creatable="false" sap:updatable="false"/>
<Property Name="Productdesc" Type="Edm.String" MaxLength="40" sap:label="Product Desc"/>
<Property Name="Freeqty" Type="Edm.Byte" sap:label="Free Qty"/>
<Property Name="CreatedBy" Type="Edm.String" MaxLength="12" sap:display-format="UpperCase" sap:label="Created By" sap:quickinfo="Created By User"/>
<Property Name="CreatedAt" Type="Edm.DateTimeOffset" Precision="7" sap:label="Created On" sap:quickinfo="Creation Date Time"/>
<Property Name="LastChangedBy" Type="Edm.String" MaxLength="12" sap:display-format="UpperCase" sap:label="Changed By" sap:quickinfo="Local Instance Last Changed By User"/>
<Property Name="LastChangedAt" Type="Edm.DateTimeOffset" Precision="7" sap:label="Changed On" sap:quickinfo="Local Instance Last Change Date Time" sap:creatable="false" sap:updatable="false"/>
<Property Name="LocalLastChangedAt" Type="Edm.DateTimeOffset" Precision="7" sap:label="Changed On" sap:quickinfo="Last Change Date Time"/>
<NavigationProperty Name="to_zsoscheme" Relationship="cds_zui_zsoscheme01.assoc_8DD0DF6B715D380A1162DD427957C514" FromRole="ToRole_assoc_8DD0DF6B715D380A1162DD427957C514" ToRole="FromRole_assoc_8DD0DF6B715D380A1162DD427957C514"/>
</EntityType>
<EntityType Name="zsoschemegroupedType" sap:label="Grouped Data for ZSOSCHEME" sap:content-version="1">
<Key>
<PropertyRef Name="Salesorder"/>
<PropertyRef Name="Bukrs"/>
</Key>
<Property Name="Salesorder" Type="Edm.String" Nullable="false" MaxLength="10" sap:label="Sales Order"/>
<Property Name="Bukrs" Type="Edm.String" Nullable="false" MaxLength="4" sap:label="Company"/>
<Property Name="Freeqty" Type="Edm.Byte" sap:label="Free Qty"/>
<Property Name="OrderQty" Type="Edm.Byte" sap:label="Order Qty"/>
<Property Name="Appliedqty" Type="Edm.Byte" sap:label="Applied Qty"/>
</EntityType>
<EntityType Name="zsoschemelinesgroupedType" sap:label="Grouped Data for ZSOSCHEME Lines" sap:content-version="1">
<Key>
<PropertyRef Name="Salesorder"/>
<PropertyRef Name="Bukrs"/>
<PropertyRef Name="Schemecode"/>
</Key>
<Property Name="Salesorder" Type="Edm.String" Nullable="false" MaxLength="10" sap:label="Sales Order"/>
<Property Name="Bukrs" Type="Edm.String" Nullable="false" MaxLength="4" sap:label="Company"/>
<Property Name="Schemecode" Type="Edm.String" Nullable="false" MaxLength="15" sap:label="Scheme Code"/>
<Property Name="Freeqty" Type="Edm.Byte" sap:label="Free Qty"/>
</EntityType>
<EntityType Name="SAP__Currency" sap:content-version="1">
<Key>
<PropertyRef Name="CurrencyCode"/>
</Key>
<Property Name="CurrencyCode" Type="Edm.String" Nullable="false" MaxLength="5" sap:label="Currency" sap:semantics="currency-code"/>
<Property Name="ISOCode" Type="Edm.String" Nullable="false" MaxLength="3" sap:label="ISO Code"/>
<Property Name="Text" Type="Edm.String" Nullable="false" MaxLength="15" sap:label="Short Text"/>
<Property Name="DecimalPlaces" Type="Edm.Byte" Nullable="false" sap:label="Decimals"/>
</EntityType>
<EntityType Name="SAP__UnitOfMeasure" sap:content-version="1">
<Key>
<PropertyRef Name="UnitCode"/>
</Key>
<Property Name="UnitCode" Type="Edm.String" Nullable="false" MaxLength="3" sap:label="Internal UoM" sap:semantics="unit-of-measure"/>
<Property Name="ISOCode" Type="Edm.String" Nullable="false" MaxLength="3" sap:label="ISO Code"/>
<Property Name="ExternalCode" Type="Edm.String" Nullable="false" MaxLength="3" sap:label="Commercial"/>
<Property Name="Text" Type="Edm.String" Nullable="false" MaxLength="30" sap:label="Meas. Unit Text"/>
<Property Name="DecimalPlaces" Type="Edm.Int16" sap:label="Decimal Places"/>
</EntityType>
<EntityType Name="SAP__DocumentDescription" sap:content-version="1">
<Key>
<PropertyRef Name="Id"/>
</Key>
<Property Name="Id" Type="Edm.Guid" Nullable="false" sap:label="UUID"/>
<Property Name="CreatedBy" Type="Edm.String" Nullable="false" MaxLength="12"/>
<Property Name="CreatedAt" Type="Edm.DateTime" Nullable="false" Precision="0" sap:label="Time Stamp"/>
<Property Name="FileName" Type="Edm.String" Nullable="false" MaxLength="256"/>
<Property Name="Title" Type="Edm.String" Nullable="false" MaxLength="256"/>
<NavigationProperty Name="Format" Relationship="cds_zui_zsoscheme01.to_format" FromRole="FromRole_to_format" ToRole="ToRole_to_format"/>
<NavigationProperty Name="FileShare" Relationship="cds_zui_zsoscheme01.to_fileshare" FromRole="FromRole_to_fileshare" ToRole="ToRole_to_fileshare"/>
<NavigationProperty Name="TableColumns" Relationship="cds_zui_zsoscheme01.to_tablecolumns" FromRole="FromRole_to_tablecolumns" ToRole="ToRole_to_tablecolumns"/>
<NavigationProperty Name="CoverPage" Relationship="cds_zui_zsoscheme01.to_coverpage" FromRole="FromRole_to_coverpage" ToRole="ToRole_to_coverpage"/>
<NavigationProperty Name="Signature" Relationship="cds_zui_zsoscheme01.to_signature" FromRole="FromRole_to_signature" ToRole="ToRole_to_signature"/>
<NavigationProperty Name="PDFStandard" Relationship="cds_zui_zsoscheme01.to_pdfstandard" FromRole="FromRole_to_pdfstandard" ToRole="ToRole_to_pdfstandard"/>
<NavigationProperty Name="Hierarchy" Relationship="cds_zui_zsoscheme01.to_Hierarchy" FromRole="FromRole_to_Hierarchy" ToRole="ToRole_to_Hierarchy"/>
<NavigationProperty Name="Header" Relationship="cds_zui_zsoscheme01.to_header" FromRole="FromRole_to_header" ToRole="ToRole_to_header"/>
<NavigationProperty Name="Footer" Relationship="cds_zui_zsoscheme01.to_Footer" FromRole="FromRole_to_Footer" ToRole="ToRole_to_Footer"/>
</EntityType>
<EntityType Name="SAP__FileShare" sap:content-version="1">
<Key>
<PropertyRef Name="Id"/>
</Key>
<Property Name="Id" Type="Edm.Guid" Nullable="false" sap:label="UUID" sap:creatable="false" sap:updatable="false" sap:sortable="false" sap:filterable="false"/>
<Property Name="Repository" Type="Edm.String" Nullable="false" MaxLength="100" sap:creatable="false" sap:updatable="false" sap:sortable="false" sap:filterable="false"/>
<Property Name="Folder" Type="Edm.String" Nullable="false" sap:creatable="false" sap:updatable="false" sap:sortable="false" sap:filterable="false"/>
</EntityType>
<EntityType Name="SAP__Format" sap:content-version="1">
<Key>
<PropertyRef Name="Id"/>
</Key>
<Property Name="FitToPage" Type="cds_zui_zsoscheme01.SAP__FitToPage" Nullable="false"/>
<Property Name="Id" Type="Edm.Guid" Nullable="false" sap:label="UUID" sap:creatable="false" sap:updatable="false" sap:sortable="false" sap:filterable="false"/>
<Property Name="FontSize" Type="Edm.Int32" Nullable="false" sap:creatable="false" sap:updatable="false" sap:sortable="false" sap:filterable="false"/>
<Property Name="Orientation" Type="Edm.String" Nullable="false" MaxLength="10" sap:creatable="false" sap:updatable="false" sap:sortable="false" sap:filterable="false"/>
<Property Name="PaperSize" Type="Edm.String" Nullable="false" MaxLength="10" sap:creatable="false" sap:updatable="false" sap:sortable="false" sap:filterable="false"/>
<Property Name="BorderSize" Type="Edm.Int32" Nullable="false" sap:creatable="false" sap:updatable="false" sap:sortable="false" sap:filterable="false"/>
<Property Name="MarginSize" Type="Edm.Int32" Nullable="false" sap:creatable="false" sap:updatable="false" sap:sortable="false" sap:filterable="false"/>
<Property Name="FontName" Type="Edm.String" Nullable="false" MaxLength="255" sap:label="Font Name" sap:creatable="false" sap:updatable="false" sap:sortable="false" sap:filterable="false"/>
<Property Name="Padding" Type="Edm.Int32" Nullable="false" sap:creatable="false" sap:updatable="false" sap:sortable="false" sap:filterable="false"/>
<Property Name="TextDirectionLayout" Type="Edm.String" Nullable="false" MaxLength="40" sap:creatable="false" sap:updatable="false" sap:sortable="false" sap:filterable="false"/>
</EntityType>
<EntityType Name="SAP__PDFStandard" sap:content-version="1">
<Key>
<PropertyRef Name="Id"/>
</Key>
<Property Name="Id" Type="Edm.Guid" Nullable="false" sap:label="UUID" sap:creatable="false" sap:updatable="false" sap:sortable="false" sap:filterable="false"/>
<Property Name="UsePDFAConformance" Type="Edm.Boolean" Nullable="false" sap:creatable="false" sap:updatable="false" sap:sortable="false" sap:filterable="false"/>
<Property Name="DoEnableAccessibility" Type="Edm.Boolean" Nullable="false" sap:label="Indicator" sap:creatable="false" sap:updatable="false" sap:sortable="false" sap:filterable="false"/>
</EntityType>
<EntityType Name="SAP__TableColumns" sap:content-version="1">
<Key>
<PropertyRef Name="Id"/>
<PropertyRef Name="Name"/>
<PropertyRef Name="Header"/>
</Key>
<Property Name="Format" Type="cds_zui_zsoscheme01.SAP__TableColumnFormat" Nullable="false"/>
<Property Name="Id" Type="Edm.Guid" Nullable="false" sap:label="UUID" sap:creatable="false" sap:updatable="false" sap:sortable="false" sap:filterable="false"/>
<Property Name="Name" Type="Edm.String" Nullable="false" MaxLength="256" sap:creatable="false" sap:updatable="false" sap:sortable="false" sap:filterable="false"/>
<Property Name="Header" Type="Edm.String" Nullable="false" MaxLength="256" sap:creatable="false" sap:updatable="false" sap:sortable="false" sap:filterable="false"/>
<Property Name="HorizontalAlignment" Type="Edm.String" Nullable="false" MaxLength="10" sap:creatable="false" sap:updatable="false" sap:sortable="false" sap:filterable="false"/>
</EntityType>
<EntityType Name="SAP__CoverPage" sap:content-version="1">
<Key>
<PropertyRef Name="Title"/>
<PropertyRef Name="Id"/>
<PropertyRef Name="Name"/>
</Key>
<Property Name="Title" Type="Edm.String" Nullable="false" MaxLength="256" sap:creatable="false" sap:updatable="false" sap:sortable="false" sap:filterable="false"/>
<Property Name="Id" Type="Edm.Guid" Nullable="false" sap:label="UUID" sap:creatable="false" sap:updatable="false" sap:sortable="false" sap:filterable="false"/>
<Property Name="Name" Type="Edm.String" Nullable="false" sap:creatable="false" sap:updatable="false" sap:sortable="false" sap:filterable="false"/>
<Property Name="Value" Type="Edm.String" Nullable="false" sap:creatable="false" sap:updatable="false" sap:sortable="false" sap:filterable="false"/>
</EntityType>
<EntityType Name="SAP__Signature" sap:content-version="1">
<Key>
<PropertyRef Name="Id"/>
</Key>
<Property Name="Id" Type="Edm.Guid" Nullable="false" sap:label="UUID" sap:creatable="false" sap:updatable="false" sap:sortable="false" sap:filterable="false"/>
<Property Name="DoSign" Type="Edm.Boolean" Nullable="false" sap:label="Indicator" sap:creatable="false" sap:updatable="false" sap:sortable="false" sap:filterable="false"/>
<Property Name="Reason" Type="Edm.String" Nullable="false" MaxLength="256" sap:creatable="false" sap:updatable="false" sap:sortable="false" sap:filterable="false"/>
</EntityType>
<EntityType Name="SAP__Hierarchy" sap:content-version="1">
<Key>
<PropertyRef Name="Id"/>
</Key>
<Property Name="Id" Type="Edm.Guid" Nullable="false" sap:label="UUID" sap:creatable="false" sap:updatable="false" sap:sortable="false" sap:filterable="false"/>
<Property Name="DistanceFromRootElement" Type="Edm.String" Nullable="false" MaxLength="256" sap:creatable="false" sap:updatable="false" sap:sortable="false" sap:filterable="false"/>
<Property Name="DrillStateElement" Type="Edm.String" Nullable="false" MaxLength="256" sap:creatable="false" sap:updatable="false" sap:sortable="false" sap:filterable="false"/>
</EntityType>
<EntityType Name="SAP__PDFHeader" sap:content-version="1">
<Key>
<PropertyRef Name="Id"/>
</Key>
<Property Name="Right" Type="cds_zui_zsoscheme01.SAP__HeaderFooterField" Nullable="false"/>
<Property Name="Left" Type="cds_zui_zsoscheme01.SAP__HeaderFooterField" Nullable="false"/>
<Property Name="Center" Type="cds_zui_zsoscheme01.SAP__HeaderFooterField" Nullable="false"/>
<Property Name="Id" Type="Edm.Guid" Nullable="false" sap:label="UUID" sap:creatable="false" sap:updatable="false" sap:sortable="false" sap:filterable="false"/>
</EntityType>
<EntityType Name="SAP__PDFFooter" sap:content-version="1">
<Key>
<PropertyRef Name="Id"/>
</Key>
<Property Name="Right" Type="cds_zui_zsoscheme01.SAP__HeaderFooterField" Nullable="false"/>
<Property Name="Left" Type="cds_zui_zsoscheme01.SAP__HeaderFooterField" Nullable="false"/>
<Property Name="Center" Type="cds_zui_zsoscheme01.SAP__HeaderFooterField" Nullable="false"/>
<Property Name="Id" Type="Edm.Guid" Nullable="false" sap:label="UUID" sap:creatable="false" sap:updatable="false" sap:sortable="false" sap:filterable="false"/>
</EntityType>
<EntityType Name="SAP__ValueHelp" sap:content-version="1">
<Key>
<PropertyRef Name="VALUEHELP"/>
</Key>
<Property Name="VALUEHELP" Type="Edm.String" Nullable="false"/>
<Property Name="FIELD_VALUE" Type="Edm.String" Nullable="false" MaxLength="10"/>
<Property Name="DESCRIPTION" Type="Edm.String"/>
</EntityType>
<ComplexType Name="SAP__FitToPage">
<Property Name="ErrorRecoveryBehavior" Type="Edm.String" Nullable="false" MaxLength="8" sap:label="Error behavior" sap:creatable="false" sap:updatable="false" sap:sortable="false" sap:filterable="false"/>
<Property Name="IsEnabled" Type="Edm.Boolean" Nullable="false" sap:creatable="false" sap:updatable="false" sap:sortable="false" sap:filterable="false"/>
<Property Name="MinimumFontSize" Type="Edm.Int32" Nullable="false" sap:creatable="false" sap:updatable="false" sap:sortable="false" sap:filterable="false"/>
</ComplexType>
<ComplexType Name="SAP__TableColumnFormat">
<Property Name="DisplayFormat" Type="Edm.String" Nullable="false" MaxLength="40" sap:creatable="false" sap:updatable="false" sap:sortable="false" sap:filterable="false"/>
<Property Name="IANATimezone" Type="Edm.String" Nullable="false" sap:creatable="false" sap:updatable="false" sap:sortable="false" sap:filterable="false"/>
<Property Name="IANATimezoneProperty" Type="Edm.String" Nullable="false" sap:creatable="false" sap:updatable="false" sap:sortable="false" sap:filterable="false"/>
</ComplexType>
<ComplexType Name="SAP__HeaderFooterField">
<Property Name="Type" Type="Edm.String" Nullable="false" MaxLength="256" sap:creatable="false" sap:updatable="false" sap:sortable="false" sap:filterable="false"/>
</ComplexType>
<Association Name="assoc_8DD0DF6B715D380A1162DD427957C514" sap:content-version="1">
<End Type="cds_zui_zsoscheme01.zsoschemeType" Multiplicity="1" Role="FromRole_assoc_8DD0DF6B715D380A1162DD427957C514">
<OnDelete Action="Cascade"/>
</End>
<End Type="cds_zui_zsoscheme01.zsoschemelinesType" Multiplicity="*" Role="ToRole_assoc_8DD0DF6B715D380A1162DD427957C514"/>
<ReferentialConstraint>
<Principal Role="FromRole_assoc_8DD0DF6B715D380A1162DD427957C514">
<PropertyRef Name="Schemegroupcode"/>
<PropertyRef Name="Schemecode"/>
<PropertyRef Name="Salesorder"/>
<PropertyRef Name="Bukrs"/>
</Principal>
<Dependent Role="ToRole_assoc_8DD0DF6B715D380A1162DD427957C514">
<PropertyRef Name="Schemegroupcode"/>
<PropertyRef Name="Schemecode"/>
<PropertyRef Name="Salesorder"/>
<PropertyRef Name="Bukrs"/>
</Dependent>
</ReferentialConstraint>
</Association>
<Association Name="to_format" sap:content-version="1">
<End Type="cds_zui_zsoscheme01.SAP__DocumentDescription" Multiplicity="1" Role="FromRole_to_format"/>
<End Type="cds_zui_zsoscheme01.SAP__Format" Multiplicity="1" Role="ToRole_to_format"/>
<ReferentialConstraint>
<Principal Role="FromRole_to_format">
<PropertyRef Name="Id"/>
</Principal>
<Dependent Role="ToRole_to_format">
<PropertyRef Name="Id"/>
</Dependent>
</ReferentialConstraint>
</Association>
<Association Name="to_fileshare" sap:content-version="1">
<End Type="cds_zui_zsoscheme01.SAP__DocumentDescription" Multiplicity="1" Role="FromRole_to_fileshare"/>
<End Type="cds_zui_zsoscheme01.SAP__FileShare" Multiplicity="1" Role="ToRole_to_fileshare"/>
<ReferentialConstraint>
<Principal Role="FromRole_to_fileshare">
<PropertyRef Name="Id"/>
</Principal>
<Dependent Role="ToRole_to_fileshare">
<PropertyRef Name="Id"/>
</Dependent>
</ReferentialConstraint>
</Association>
<Association Name="to_tablecolumns" sap:content-version="1">
<End Type="cds_zui_zsoscheme01.SAP__DocumentDescription" Multiplicity="1" Role="FromRole_to_tablecolumns"/>
<End Type="cds_zui_zsoscheme01.SAP__TableColumns" Multiplicity="*" Role="ToRole_to_tablecolumns"/>
<ReferentialConstraint>
<Principal Role="FromRole_to_tablecolumns">
<PropertyRef Name="Id"/>
</Principal>
<Dependent Role="ToRole_to_tablecolumns">
<PropertyRef Name="Id"/>
</Dependent>
</ReferentialConstraint>
</Association>
<Association Name="to_coverpage" sap:content-version="1">
<End Type="cds_zui_zsoscheme01.SAP__DocumentDescription" Multiplicity="1" Role="FromRole_to_coverpage"/>
<End Type="cds_zui_zsoscheme01.SAP__CoverPage" Multiplicity="*" Role="ToRole_to_coverpage"/>
<ReferentialConstraint>
<Principal Role="FromRole_to_coverpage">
<PropertyRef Name="Id"/>
</Principal>
<Dependent Role="ToRole_to_coverpage">
<PropertyRef Name="Id"/>
</Dependent>
</ReferentialConstraint>
</Association>
<Association Name="to_signature" sap:content-version="1">
<End Type="cds_zui_zsoscheme01.SAP__DocumentDescription" Multiplicity="1" Role="FromRole_to_signature"/>
<End Type="cds_zui_zsoscheme01.SAP__Signature" Multiplicity="1" Role="ToRole_to_signature"/>
<ReferentialConstraint>
<Principal Role="FromRole_to_signature">
<PropertyRef Name="Id"/>
</Principal>
<Dependent Role="ToRole_to_signature">
<PropertyRef Name="Id"/>
</Dependent>
</ReferentialConstraint>
</Association>
<Association Name="to_pdfstandard" sap:content-version="1">
<End Type="cds_zui_zsoscheme01.SAP__DocumentDescription" Multiplicity="1" Role="FromRole_to_pdfstandard"/>
<End Type="cds_zui_zsoscheme01.SAP__PDFStandard" Multiplicity="1" Role="ToRole_to_pdfstandard"/>
<ReferentialConstraint>
<Principal Role="FromRole_to_pdfstandard">
<PropertyRef Name="Id"/>
</Principal>
<Dependent Role="ToRole_to_pdfstandard">
<PropertyRef Name="Id"/>
</Dependent>
</ReferentialConstraint>
</Association>
<Association Name="to_Hierarchy" sap:content-version="1">
<End Type="cds_zui_zsoscheme01.SAP__DocumentDescription" Multiplicity="1" Role="FromRole_to_Hierarchy"/>
<End Type="cds_zui_zsoscheme01.SAP__Hierarchy" Multiplicity="1" Role="ToRole_to_Hierarchy"/>
<ReferentialConstraint>
<Principal Role="FromRole_to_Hierarchy">
<PropertyRef Name="Id"/>
</Principal>
<Dependent Role="ToRole_to_Hierarchy">
<PropertyRef Name="Id"/>
</Dependent>
</ReferentialConstraint>
</Association>
<Association Name="to_header" sap:content-version="1">
<End Type="cds_zui_zsoscheme01.SAP__DocumentDescription" Multiplicity="1" Role="FromRole_to_header"/>
<End Type="cds_zui_zsoscheme01.SAP__PDFHeader" Multiplicity="1" Role="ToRole_to_header"/>
<ReferentialConstraint>
<Principal Role="FromRole_to_header">
<PropertyRef Name="Id"/>
</Principal>
<Dependent Role="ToRole_to_header">
<PropertyRef Name="Id"/>
</Dependent>
</ReferentialConstraint>
</Association>
<Association Name="to_Footer" sap:content-version="1">
<End Type="cds_zui_zsoscheme01.SAP__DocumentDescription" Multiplicity="1" Role="FromRole_to_Footer"/>
<End Type="cds_zui_zsoscheme01.SAP__PDFFooter" Multiplicity="1" Role="ToRole_to_Footer"/>
<ReferentialConstraint>
<Principal Role="FromRole_to_Footer">
<PropertyRef Name="Id"/>
</Principal>
<Dependent Role="ToRole_to_Footer">
<PropertyRef Name="Id"/>
</Dependent>
</ReferentialConstraint>
</Association>
<EntityContainer Name="cds_zui_zsoscheme01_Entities" m:IsDefaultEntityContainer="true" sap:message-scope-supported="true" sap:supported-formats="atom json xlsx pdf">
<EntitySet Name="I_CompanyCodeVH" EntityType="cds_zui_zsoscheme01.I_CompanyCodeVHType" sap:creatable="false" sap:updatable="false" sap:deletable="false" sap:searchable="true" sap:content-version="1"/>
<EntitySet Name="I_SalesOrderStdVH" EntityType="cds_zui_zsoscheme01.I_SalesOrderStdVHType" sap:creatable="false" sap:updatable="false" sap:deletable="false" sap:searchable="true" sap:content-version="1"/>
<EntitySet Name="zsoscheme" EntityType="cds_zui_zsoscheme01.zsoschemeType" sap:searchable="true" sap:content-version="1" sap:deletable-path="Delete_mc" sap:updatable-path="Update_mc"/>
<EntitySet Name="zsoschemelines" EntityType="cds_zui_zsoscheme01.zsoschemelinesType" sap:searchable="true" sap:content-version="1" sap:deletable-path="Delete_mc" sap:updatable-path="Update_mc"/>
<EntitySet Name="zsoschemegrouped" EntityType="cds_zui_zsoscheme01.zsoschemegroupedType" sap:creatable="false" sap:updatable="false" sap:deletable="false" sap:content-version="1"/>
<EntitySet Name="zsoschemelinesgrouped" EntityType="cds_zui_zsoscheme01.zsoschemelinesgroupedType" sap:creatable="false" sap:updatable="false" sap:deletable="false" sap:content-version="1"/>
<EntitySet Name="SAP__FormatSet" EntityType="cds_zui_zsoscheme01.SAP__Format" sap:creatable="false" sap:updatable="false" sap:deletable="false" sap:pageable="false" sap:addressable="false" sap:content-version="1"/>
<EntitySet Name="SAP__PDFStandardSet" EntityType="cds_zui_zsoscheme01.SAP__PDFStandard" sap:creatable="false" sap:updatable="false" sap:deletable="false" sap:pageable="false" sap:addressable="false" sap:content-version="1"/>
<EntitySet Name="SAP__TableColumnsSet" EntityType="cds_zui_zsoscheme01.SAP__TableColumns" sap:creatable="false" sap:updatable="false" sap:deletable="false" sap:pageable="false" sap:addressable="false" sap:content-version="1"/>
<EntitySet Name="SAP__CoverPageSet" EntityType="cds_zui_zsoscheme01.SAP__CoverPage" sap:creatable="false" sap:updatable="false" sap:deletable="false" sap:pageable="false" sap:addressable="false" sap:content-version="1"/>
<EntitySet Name="SAP__SignatureSet" EntityType="cds_zui_zsoscheme01.SAP__Signature" sap:creatable="false" sap:updatable="false" sap:deletable="false" sap:pageable="false" sap:addressable="false" sap:content-version="1"/>
<EntitySet Name="SAP__HierarchySet" EntityType="cds_zui_zsoscheme01.SAP__Hierarchy" sap:creatable="false" sap:updatable="false" sap:deletable="false" sap:pageable="false" sap:addressable="false" sap:content-version="1"/>
<EntitySet Name="SAP__PDFHeaderSet" EntityType="cds_zui_zsoscheme01.SAP__PDFHeader" sap:creatable="false" sap:updatable="false" sap:deletable="false" sap:pageable="false" sap:addressable="false" sap:content-version="1"/>
<EntitySet Name="SAP__PDFFooterSet" EntityType="cds_zui_zsoscheme01.SAP__PDFFooter" sap:creatable="false" sap:updatable="false" sap:deletable="false" sap:pageable="false" sap:addressable="false" sap:content-version="1"/>
<EntitySet Name="SAP__ValueHelpSet" EntityType="cds_zui_zsoscheme01.SAP__ValueHelp" sap:content-version="1"/>
<EntitySet Name="SAP__Currencies" EntityType="cds_zui_zsoscheme01.SAP__Currency" sap:content-version="1"/>
<EntitySet Name="SAP__UnitsOfMeasure" EntityType="cds_zui_zsoscheme01.SAP__UnitOfMeasure" sap:content-version="1"/>
<EntitySet Name="SAP__MyDocumentDescriptions" EntityType="cds_zui_zsoscheme01.SAP__DocumentDescription" sap:content-version="1"/>
<EntitySet Name="SAP__FileShareSet" EntityType="cds_zui_zsoscheme01.SAP__FileShare" sap:creatable="false" sap:updatable="false" sap:deletable="false" sap:pageable="false" sap:addressable="false" sap:content-version="1"/>
<AssociationSet Name="assoc_8DD0DF6B715D380A1162DD427957C514" Association="cds_zui_zsoscheme01.assoc_8DD0DF6B715D380A1162DD427957C514" sap:creatable="false" sap:updatable="false" sap:deletable="false" sap:content-version="1">
<End EntitySet="zsoscheme" Role="FromRole_assoc_8DD0DF6B715D380A1162DD427957C514"/>
<End EntitySet="zsoschemelines" Role="ToRole_assoc_8DD0DF6B715D380A1162DD427957C514"/>
</AssociationSet>
<AssociationSet Name="to_HierarchySet" Association="cds_zui_zsoscheme01.to_Hierarchy" sap:creatable="false" sap:updatable="false" sap:deletable="false" sap:content-version="1">
<End EntitySet="SAP__MyDocumentDescriptions" Role="FromRole_to_Hierarchy"/>
<End EntitySet="SAP__HierarchySet" Role="ToRole_to_Hierarchy"/>
</AssociationSet>
<AssociationSet Name="to_tablecolumnsSet" Association="cds_zui_zsoscheme01.to_tablecolumns" sap:creatable="false" sap:updatable="false" sap:deletable="false" sap:content-version="1">
<End EntitySet="SAP__MyDocumentDescriptions" Role="FromRole_to_tablecolumns"/>
<End EntitySet="SAP__TableColumnsSet" Role="ToRole_to_tablecolumns"/>
</AssociationSet>
<AssociationSet Name="to_headerSet" Association="cds_zui_zsoscheme01.to_header" sap:creatable="false" sap:updatable="false" sap:deletable="false" sap:content-version="1">
<End EntitySet="SAP__MyDocumentDescriptions" Role="FromRole_to_header"/>
<End EntitySet="SAP__PDFHeaderSet" Role="ToRole_to_header"/>
</AssociationSet>
<AssociationSet Name="to_FooterSet" Association="cds_zui_zsoscheme01.to_Footer" sap:creatable="false" sap:updatable="false" sap:deletable="false" sap:content-version="1">
<End EntitySet="SAP__MyDocumentDescriptions" Role="FromRole_to_Footer"/>
<End EntitySet="SAP__PDFFooterSet" Role="ToRole_to_Footer"/>
</AssociationSet>
<AssociationSet Name="to_formatSet" Association="cds_zui_zsoscheme01.to_format" sap:creatable="false" sap:updatable="false" sap:deletable="false" sap:content-version="1">
<End EntitySet="SAP__MyDocumentDescriptions" Role="FromRole_to_format"/>
<End EntitySet="SAP__FormatSet" Role="ToRole_to_format"/>
</AssociationSet>
<AssociationSet Name="to_fileshareSet" Association="cds_zui_zsoscheme01.to_fileshare" sap:creatable="false" sap:updatable="false" sap:deletable="false" sap:content-version="1">
<End EntitySet="SAP__MyDocumentDescriptions" Role="FromRole_to_fileshare"/>
<End EntitySet="SAP__FileShareSet" Role="ToRole_to_fileshare"/>
</AssociationSet>
<AssociationSet Name="to_pdfstandardSet" Association="cds_zui_zsoscheme01.to_pdfstandard" sap:creatable="false" sap:updatable="false" sap:deletable="false" sap:content-version="1">
<End EntitySet="SAP__MyDocumentDescriptions" Role="FromRole_to_pdfstandard"/>
<End EntitySet="SAP__PDFStandardSet" Role="ToRole_to_pdfstandard"/>
</AssociationSet>
<AssociationSet Name="to_signatureSet" Association="cds_zui_zsoscheme01.to_signature" sap:creatable="false" sap:updatable="false" sap:deletable="false" sap:content-version="1">
<End EntitySet="SAP__MyDocumentDescriptions" Role="FromRole_to_signature"/>
<End EntitySet="SAP__SignatureSet" Role="ToRole_to_signature"/>
</AssociationSet>
<AssociationSet Name="to_coverpageSet" Association="cds_zui_zsoscheme01.to_coverpage" sap:creatable="false" sap:updatable="false" sap:deletable="false" sap:content-version="1">
<End EntitySet="SAP__MyDocumentDescriptions" Role="FromRole_to_coverpage"/>
<End EntitySet="SAP__CoverPageSet" Role="ToRole_to_coverpage"/>
</AssociationSet>
<FunctionImport Name="createSOSchemeData" ReturnType="cds_zui_zsoscheme01.zsoschemeType" EntitySet="zsoscheme" m:HttpMethod="POST">
<Parameter Name="Salesorder" Type="Edm.String" Mode="In" MaxLength="10" Nullable="true" sap:label="Sales Order"/>
</FunctionImport>
</EntityContainer>
<Annotation xmlns="http://docs.oasis-open.org/odata/ns/edm" Term="Core.SchemaVersion" String="1.0.0"/>
<Annotations xmlns="http://docs.oasis-open.org/odata/ns/edm" Target="cds_zui_zsoscheme01.zsoschemeType/Bukrs">
<Annotation Term="Common.ValueList">
<Record>
<PropertyValue Property="Label" String="Company"/>
<PropertyValue Property="CollectionPath" String="I_CompanyCodeVH"/>
<PropertyValue Property="SearchSupported" Bool="true"/>
<PropertyValue Property="Parameters">
<Collection>
<Record Type="Common.ValueListParameterInOut">
<PropertyValue Property="LocalDataProperty" PropertyPath="Bukrs"/>
<PropertyValue Property="ValueListProperty" String="CompanyCode"/>
</Record>
<Record Type="Common.ValueListParameterDisplayOnly">
<PropertyValue Property="ValueListProperty" String="CompanyCodeName"/>
</Record>
<Record Type="Common.ValueListParameterDisplayOnly">
<PropertyValue Property="ValueListProperty" String="ControllingArea"/>
</Record>
<Record Type="Common.ValueListParameterDisplayOnly">
<PropertyValue Property="ValueListProperty" String="CityName"/>
</Record>
<Record Type="Common.ValueListParameterDisplayOnly">
<PropertyValue Property="ValueListProperty" String="Country"/>
</Record>
<Record Type="Common.ValueListParameterDisplayOnly">
<PropertyValue Property="ValueListProperty" String="Currency"/>
</Record>
<Record Type="Common.ValueListParameterDisplayOnly">
<PropertyValue Property="ValueListProperty" String="Language"/>
</Record>
<Record Type="Common.ValueListParameterDisplayOnly">
<PropertyValue Property="ValueListProperty" String="ChartOfAccounts"/>
</Record>
<Record Type="Common.ValueListParameterDisplayOnly">
<PropertyValue Property="ValueListProperty" String="FiscalYearVariant"/>
</Record>
<Record Type="Common.ValueListParameterDisplayOnly">
<PropertyValue Property="ValueListProperty" String="Company"/>
</Record>
<Record Type="Common.ValueListParameterDisplayOnly">
<PropertyValue Property="ValueListProperty" String="CreditControlArea"/>
</Record>
<Record Type="Common.ValueListParameterDisplayOnly">
<PropertyValue Property="ValueListProperty" String="CountryChartOfAccounts"/>
</Record>
<Record Type="Common.ValueListParameterDisplayOnly">
<PropertyValue Property="ValueListProperty" String="FinancialManagementArea"/>
</Record>
</Collection>
</PropertyValue>
</Record>
</Annotation>
<Annotation Term="SAP__core.Immutable"/>
</Annotations>
<Annotations xmlns="http://docs.oasis-open.org/odata/ns/edm" Target="cds_zui_zsoscheme01.zsoschemeType/Salesorder">
<Annotation Term="Common.ValueList">
<Record>
<PropertyValue Property="Label" String="Sales Order"/>
<PropertyValue Property="CollectionPath" String="I_SalesOrderStdVH"/>
<PropertyValue Property="SearchSupported" Bool="true"/>
<PropertyValue Property="Parameters">
<Collection>
<Record Type="Common.ValueListParameterInOut">
<PropertyValue Property="LocalDataProperty" PropertyPath="Salesorder"/>
<PropertyValue Property="ValueListProperty" String="SalesOrder"/>
</Record>
</Collection>
</PropertyValue>
</Record>
</Annotation>
<Annotation Term="SAP__core.Immutable"/>
</Annotations>
<Annotations xmlns="http://docs.oasis-open.org/odata/ns/edm" Target="cds_zui_zsoscheme01.cds_zui_zsoscheme01_Entities">
<Annotation Term="Common.ApplyMultiUnitBehaviorForSortingAndFiltering" Bool="true"/>
</Annotations>
<Annotations xmlns="http://docs.oasis-open.org/odata/ns/edm" Target="cds_zui_zsoscheme01.zsoschemeType">
<Annotation Term="Common.ChangedAt" Path="LocalLastChangedAt"/>
<Annotation Term="Common.CreatedAt" Path="CreatedAt"/>
<Annotation Term="Common.CreatedBy" Path="CreatedBy"/>
<Annotation Term="Common.SemanticKey">
<Collection>
<PropertyPath>Salesorder</PropertyPath>
</Collection>
</Annotation>
</Annotations>
<Annotations xmlns="http://docs.oasis-open.org/odata/ns/edm" Target="cds_zui_zsoscheme01.zsoschemeType/to_zsoschemelines">
<Annotation Term="Common.Composition"/>
</Annotations>
<Annotations xmlns="http://docs.oasis-open.org/odata/ns/edm" Target="cds_zui_zsoscheme01.cds_zui_zsoscheme01_Entities/I_CompanyCodeVH">
<Annotation Term="Capabilities.DeleteRestrictions">
<Record>
<PropertyValue Property="Deletable" Bool="false"/>
</Record>
</Annotation>
<Annotation Term="Capabilities.InsertRestrictions">
<Record>
<PropertyValue Property="Insertable" Bool="false"/>
</Record>
</Annotation>
<Annotation Term="Capabilities.UpdateRestrictions">
<Record>
<PropertyValue Property="Updatable" Bool="false"/>
</Record>
</Annotation>
</Annotations>
<Annotations xmlns="http://docs.oasis-open.org/odata/ns/edm" Target="cds_zui_zsoscheme01.cds_zui_zsoscheme01_Entities/I_SalesOrderStdVH">
<Annotation Term="Capabilities.DeleteRestrictions">
<Record>
<PropertyValue Property="Deletable" Bool="false"/>
</Record>
</Annotation>
<Annotation Term="Capabilities.InsertRestrictions">
<Record>
<PropertyValue Property="Insertable" Bool="false"/>
</Record>
</Annotation>
<Annotation Term="Capabilities.UpdateRestrictions">
<Record>
<PropertyValue Property="Updatable" Bool="false"/>
</Record>
</Annotation>
</Annotations>
<Annotations xmlns="http://docs.oasis-open.org/odata/ns/edm" Target="cds_zui_zsoscheme01.cds_zui_zsoscheme01_Entities/zsoscheme">
<Annotation Term="Capabilities.DeleteRestrictions">
<Record>
<PropertyValue Property="Deletable" Path="Delete_mc"/>
</Record>
</Annotation>
<Annotation Term="Capabilities.FilterRestrictions">
<Record>
<PropertyValue Property="NonFilterableProperties">
<Collection>
<PropertyPath>Delete_mc</PropertyPath>
<PropertyPath>Delete_mc</PropertyPath>
<PropertyPath>Update_mc</PropertyPath>
<PropertyPath>Update_mc</PropertyPath>
<PropertyPath>to_zsoschemelines_oc</PropertyPath>
<PropertyPath>to_zsoschemelines_oc</PropertyPath>
</Collection>
</PropertyValue>
</Record>
</Annotation>
<Annotation Term="Capabilities.InsertRestrictions">
<Record>
<PropertyValue Property="Insertable" Bool="true"/>
</Record>
</Annotation>
<Annotation Term="Capabilities.NavigationRestrictions">
<Record>
<PropertyValue Property="RestrictedProperties">
<Collection>
<Record>
<PropertyValue Property="NavigationProperty" NavigationPropertyPath="to_zsoschemelines"/>
<PropertyValue Property="InsertRestrictions">
<Record>
<PropertyValue Property="Insertable" Path="to_zsoschemelines_oc"/>
</Record>
</PropertyValue>
<PropertyValue Property="InsertRestrictions">
<Record>
<PropertyValue Property="Insertable" Path="to_zsoschemelines_oc"/>
</Record>
</PropertyValue>
</Record>
</Collection>
</PropertyValue>
</Record>
</Annotation>
<Annotation Term="SAP__core.OptimisticConcurrency">
<Collection>
<PropertyPath>LastChangedAt</PropertyPath>
</Collection>
</Annotation>
<Annotation Term="Capabilities.SortRestrictions">
<Record>
<PropertyValue Property="NonSortableProperties">
<Collection>
<PropertyPath>Delete_mc</PropertyPath>
<PropertyPath>Delete_mc</PropertyPath>
<PropertyPath>Update_mc</PropertyPath>
<PropertyPath>Update_mc</PropertyPath>
<PropertyPath>to_zsoschemelines_oc</PropertyPath>
<PropertyPath>to_zsoschemelines_oc</PropertyPath>
</Collection>
</PropertyValue>
</Record>
</Annotation>
<Annotation Term="Capabilities.UpdateRestrictions">
<Record>
<PropertyValue Property="NonUpdatableNavigationProperties">
<Collection>
<PropertyPath>to_zsoschemelines</PropertyPath>
</Collection>
</PropertyValue>
<PropertyValue Property="Updatable" Path="Update_mc"/>
</Record>
</Annotation>
</Annotations>
<Annotations xmlns="http://docs.oasis-open.org/odata/ns/edm" Target="cds_zui_zsoscheme01.cds_zui_zsoscheme01_Entities/zsoschemegrouped">
<Annotation Term="Capabilities.DeleteRestrictions">
<Record>
<PropertyValue Property="Deletable" Bool="false"/>
</Record>
</Annotation>
<Annotation Term="Capabilities.InsertRestrictions">
<Record>
<PropertyValue Property="Insertable" Bool="false"/>
</Record>
</Annotation>
<Annotation Term="Capabilities.UpdateRestrictions">
<Record>
<PropertyValue Property="Updatable" Bool="false"/>
</Record>
</Annotation>
</Annotations>
<Annotations xmlns="http://docs.oasis-open.org/odata/ns/edm" Target="cds_zui_zsoscheme01.cds_zui_zsoscheme01_Entities/zsoschemelines">
<Annotation Term="Capabilities.DeleteRestrictions">
<Record>
<PropertyValue Property="Deletable" Path="Delete_mc"/>
</Record>
</Annotation>
<Annotation Term="Capabilities.FilterRestrictions">
<Record>
<PropertyValue Property="NonFilterableProperties">
<Collection>
<PropertyPath>Delete_mc</PropertyPath>
<PropertyPath>Delete_mc</PropertyPath>
<PropertyPath>Update_mc</PropertyPath>
<PropertyPath>Update_mc</PropertyPath>
</Collection>
</PropertyValue>
</Record>
</Annotation>
<Annotation Term="Capabilities.NavigationRestrictions">
<Record>
<PropertyValue Property="RestrictedProperties">
<Collection>
<Record>
<PropertyValue Property="NavigationProperty" NavigationPropertyPath="to_zsoscheme"/>
<PropertyValue Property="InsertRestrictions">
<Record>
<PropertyValue Property="Insertable" Bool="false"/>
</Record>
</PropertyValue>
<PropertyValue Property="InsertRestrictions">
<Record>
<PropertyValue Property="Insertable" Bool="false"/>
</Record>
</PropertyValue>
</Record>
</Collection>
</PropertyValue>
</Record>
</Annotation>
<Annotation Term="SAP__core.OptimisticConcurrency">
<Collection>
<PropertyPath>LastChangedAt</PropertyPath>
</Collection>
</Annotation>
<Annotation Term="Capabilities.SortRestrictions">
<Record>
<PropertyValue Property="NonSortableProperties">
<Collection>
<PropertyPath>Delete_mc</PropertyPath>
<PropertyPath>Delete_mc</PropertyPath>
<PropertyPath>Update_mc</PropertyPath>
<PropertyPath>Update_mc</PropertyPath>
</Collection>
</PropertyValue>
</Record>
</Annotation>
<Annotation Term="Capabilities.UpdateRestrictions">
<Record>
<PropertyValue Property="NonUpdatableNavigationProperties">
<Collection>
<PropertyPath>to_zsoscheme</PropertyPath>
</Collection>
</PropertyValue>
<PropertyValue Property="Updatable" Path="Update_mc"/>
</Record>
</Annotation>
</Annotations>
<Annotations xmlns="http://docs.oasis-open.org/odata/ns/edm" Target="cds_zui_zsoscheme01.cds_zui_zsoscheme01_Entities/zsoschemelinesgrouped">
<Annotation Term="Capabilities.DeleteRestrictions">
<Record>
<PropertyValue Property="Deletable" Bool="false"/>
</Record>
</Annotation>
<Annotation Term="Capabilities.InsertRestrictions">
<Record>
<PropertyValue Property="Insertable" Bool="false"/>
</Record>
</Annotation>
<Annotation Term="Capabilities.UpdateRestrictions">
<Record>
<PropertyValue Property="Updatable" Bool="false"/>
</Record>
</Annotation>
</Annotations>
<Annotations xmlns="http://docs.oasis-open.org/odata/ns/edm" Target="cds_zui_zsoscheme01.zsoschemeType/">
<Annotation Term="Common.FieldControl" EnumMember="Common.FieldControlType/Optional"/>
</Annotations>
<Annotations xmlns="http://docs.oasis-open.org/odata/ns/edm" Target="cds_zui_zsoscheme01.zsoschemeType/Appliedqty">
<Annotation Term="Common.FieldControl" EnumMember="Common.FieldControlType/Optional"/>
</Annotations>
<Annotations xmlns="http://docs.oasis-open.org/odata/ns/edm" Target="cds_zui_zsoscheme01.zsoschemeType/Freeqty">
<Annotation Term="Common.FieldControl" EnumMember="Common.FieldControlType/Optional"/>
</Annotations>
<Annotations xmlns="http://docs.oasis-open.org/odata/ns/edm" Target="cds_zui_zsoscheme01.zsoschemeType/LastChangedBy">
<Annotation Term="Common.FieldControl" EnumMember="Common.FieldControlType/Optional"/>
</Annotations>
<Annotations xmlns="http://docs.oasis-open.org/odata/ns/edm" Target="cds_zui_zsoscheme01.zsoschemeType/Orderqty">
<Annotation Term="Common.FieldControl" EnumMember="Common.FieldControlType/Optional"/>
</Annotations>
<Annotations xmlns="http://docs.oasis-open.org/odata/ns/edm" Target="cds_zui_zsoscheme01.zsoschemeType/Schemecheckcode">
<Annotation Term="Common.FieldControl" EnumMember="Common.FieldControlType/Optional"/>
</Annotations>
<Annotations xmlns="http://docs.oasis-open.org/odata/ns/edm" Target="cds_zui_zsoscheme01.zsoschemelinesType/">
<Annotation Term="Common.FieldControl" EnumMember="Common.FieldControlType/Optional"/>
</Annotations>
<Annotations xmlns="http://docs.oasis-open.org/odata/ns/edm" Target="cds_zui_zsoscheme01.zsoschemelinesType/CreatedAt">
<Annotation Term="Common.FieldControl" EnumMember="Common.FieldControlType/Optional"/>
</Annotations>
<Annotations xmlns="http://docs.oasis-open.org/odata/ns/edm" Target="cds_zui_zsoscheme01.zsoschemelinesType/CreatedBy">
<Annotation Term="Common.FieldControl" EnumMember="Common.FieldControlType/Optional"/>
</Annotations>
<Annotations xmlns="http://docs.oasis-open.org/odata/ns/edm" Target="cds_zui_zsoscheme01.zsoschemelinesType/Freeqty">
<Annotation Term="Common.FieldControl" EnumMember="Common.FieldControlType/Optional"/>
</Annotations>
<Annotations xmlns="http://docs.oasis-open.org/odata/ns/edm" Target="cds_zui_zsoscheme01.zsoschemelinesType/LastChangedBy">
<Annotation Term="Common.FieldControl" EnumMember="Common.FieldControlType/Optional"/>
</Annotations>
<Annotations xmlns="http://docs.oasis-open.org/odata/ns/edm" Target="cds_zui_zsoscheme01.zsoschemelinesType/LocalLastChangedAt">
<Annotation Term="Common.FieldControl" EnumMember="Common.FieldControlType/Optional"/>
</Annotations>
<Annotations xmlns="http://docs.oasis-open.org/odata/ns/edm" Target="cds_zui_zsoscheme01.zsoschemelinesType/Productdesc">
<Annotation Term="Common.FieldControl" EnumMember="Common.FieldControlType/Optional"/>
</Annotations>
<Annotations xmlns="http://docs.oasis-open.org/odata/ns/edm" Target="cds_zui_zsoscheme01.zsoschemeType/Schemecode">
<Annotation Term="SAP__core.Immutable"/>
</Annotations>
<Annotations xmlns="http://docs.oasis-open.org/odata/ns/edm" Target="cds_zui_zsoscheme01.zsoschemeType/Schemegroupcode">
<Annotation Term="SAP__core.Immutable"/>
</Annotations>
<Annotations xmlns="http://docs.oasis-open.org/odata/ns/edm" Target="cds_zui_zsoscheme01.zsoschemelinesType/Productcode">
<Annotation Term="SAP__core.Immutable"/>
</Annotations>
<Annotations xmlns="http://docs.oasis-open.org/odata/ns/edm" Target="cds_zui_zsoscheme01.zsoschemelinesType">
<Annotation Term="Common.SemanticKey">
<Collection>
<PropertyPath>Productcode</PropertyPath>
</Collection>
</Annotation>
</Annotations>
<Annotations xmlns="http://docs.oasis-open.org/odata/ns/edm" Target="cds_zui_zsoscheme01.cds_zui_zsoscheme01_Entities">
<Annotation Term="Org.OData.Capabilities.V1.BatchSupport">
<Record Type="Org.OData.Capabilities.V1.BatchSupportType">
<PropertyValue Property="ReferencesAcrossChangeSetsSupported" Bool="true"/>
</Record>
</Annotation>
<Annotation Term="SAP__CodeList.CurrencyCodes">
<Record>
<PropertyValue Property="Url" String="./$metadata"/>
<PropertyValue Property="CollectionPath" String="SAP__Currencies"/>
</Record>
</Annotation>
<Annotation Term="SAP__CodeList.UnitsOfMeasure">
<Record>
<PropertyValue Property="Url" String="./$metadata"/>
<PropertyValue Property="CollectionPath" String="SAP__UnitsOfMeasure"/>
</Record>
</Annotation>
<Annotation Term="SAP__PDF.Features">
<Record>
<PropertyValue Property="DocumentDescriptionReference" String="./$metadata"/>
<PropertyValue Property="DocumentDescriptionCollection" String="SAP__MyDocumentDescriptions"/>
<PropertyValue Property="ArchiveFormat" Bool="true"/>
<PropertyValue Property="CoverPage" Bool="true"/>
<PropertyValue Property="Signature" Bool="true"/>
<PropertyValue Property="FitToPage" Bool="true"/>
<PropertyValue Property="FontName" Bool="true"/>
<PropertyValue Property="FontSize" Bool="true"/>
<PropertyValue Property="Margin" Bool="true"/>
<PropertyValue Property="Border" Bool="true"/>
<PropertyValue Property="Padding" Bool="true"/>
<PropertyValue Property="HeaderFooter" Bool="true"/>
<PropertyValue Property="IANATimezoneFormat" Bool="true"/>
<PropertyValue Property="TextDirectionLayout" Bool="true"/>
<PropertyValue Property="UploadToFileShare" Bool="true"/>
<PropertyValue Property="ResultSizeDefault" Int="20000"/>
<PropertyValue Property="ResultSizeMaximum" Int="20000"/>
<PropertyValue Property="Treeview" Bool="true"/>
</Record>
</Annotation>
<Annotation Term="SAP__CodeList.SAP__DocumentDescription">
<Record>
<PropertyValue Property="Url" String="./$metadata"/>
<PropertyValue Property="CollectionPath" String="SAP__MyDocumentDescriptions"/>
</Record>
</Annotation>
</Annotations>
<Annotations xmlns="http://docs.oasis-open.org/odata/ns/edm" Target="cds_zui_zsoscheme01.I_CompanyCodeVHType/ChartOfAccounts">
<Annotation Term="SAP__common.DocumentationRef" String="urn:sap-com:documentation:key?=type=DE&id=KTOPL&origin=NXS_100"/>
</Annotations>
<Annotations xmlns="http://docs.oasis-open.org/odata/ns/edm" Target="cds_zui_zsoscheme01.I_CompanyCodeVHType/CompanyCode">
<Annotation Term="SAP__common.DocumentationRef" String="urn:sap-com:documentation:key?=type=DE&id=BUKRS&origin=NXS_100"/>
</Annotations>
<Annotations xmlns="http://docs.oasis-open.org/odata/ns/edm" Target="cds_zui_zsoscheme01.I_CompanyCodeVHType/Language">
<Annotation Term="SAP__common.DocumentationRef" String="urn:sap-com:documentation:key?=type=DE&id=SPRAS&origin=NXS_100"/>
</Annotations>
<Annotations xmlns="http://docs.oasis-open.org/odata/ns/edm" Target="cds_zui_zsoscheme01.I_CompanyCodeVHType/CityName">
<Annotation Term="SAP__common.DocumentationRef" String="urn:sap-com:documentation:key?=type=DE&id=ORT01&origin=NXS_100"/>
</Annotations>
<Annotations xmlns="http://docs.oasis-open.org/odata/ns/edm" Target="cds_zui_zsoscheme01.zsoschemelinesType/LastChangedBy">
<Annotation Term="SAP__common.DocumentationRef" String="urn:sap-com:documentation:key?=type=DE&id=ABP_LOCINST_LASTCHANGE_USER&origin=NXS_100"/>
</Annotations>
<Annotations xmlns="http://docs.oasis-open.org/odata/ns/edm" Target="cds_zui_zsoscheme01.zsoschemelinesType/CreatedBy">
<Annotation Term="SAP__common.DocumentationRef" String="urn:sap-com:documentation:key?=type=DE&id=ABP_CREATION_USER&origin=NXS_100"/>
</Annotations>
<Annotations xmlns="http://docs.oasis-open.org/odata/ns/edm" Target="cds_zui_zsoscheme01.I_CompanyCodeVHType/FinancialManagementArea">
<Annotation Term="SAP__common.DocumentationRef" String="urn:sap-com:documentation:key?=type=DE&id=FIKRS&origin=NXS_100"/>
</Annotations>
<Annotations xmlns="http://docs.oasis-open.org/odata/ns/edm" Target="cds_zui_zsoscheme01.I_CompanyCodeVHType/Country">
<Annotation Term="SAP__common.DocumentationRef" String="urn:sap-com:documentation:key?=type=DE&id=LAND1&origin=NXS_100"/>
</Annotations>
<Annotations xmlns="http://docs.oasis-open.org/odata/ns/edm" Target="cds_zui_zsoscheme01.zsoschemeType/LastChangedAt">
<Annotation Term="SAP__common.DocumentationRef" String="urn:sap-com:documentation:key?=type=DE&id=ABP_LOCINST_LASTCHANGE_TSTMPL&origin=NXS_100"/>
</Annotations>
<Annotations xmlns="http://docs.oasis-open.org/odata/ns/edm" Target="cds_zui_zsoscheme01.I_CompanyCodeVHType/Company">
<Annotation Term="SAP__common.DocumentationRef" String="urn:sap-com:documentation:key?=type=DE&id=RCOMP_D&origin=NXS_100"/>
</Annotations>
<Annotations xmlns="http://docs.oasis-open.org/odata/ns/edm" Target="cds_zui_zsoscheme01.zsoschemeType/LocalLastChangedAt">
<Annotation Term="SAP__common.DocumentationRef" String="urn:sap-com:documentation:key?=type=DE&id=ABP_LASTCHANGE_TSTMPL&origin=NXS_100"/>
</Annotations>
<Annotations xmlns="http://docs.oasis-open.org/odata/ns/edm" Target="cds_zui_zsoscheme01.zsoschemelinesType/LastChangedAt">
<Annotation Term="SAP__common.DocumentationRef" String="urn:sap-com:documentation:key?=type=DE&id=ABP_LOCINST_LASTCHANGE_TSTMPL&origin=NXS_100"/>
</Annotations>
<Annotations xmlns="http://docs.oasis-open.org/odata/ns/edm" Target="cds_zui_zsoscheme01.I_CompanyCodeVHType/ControllingArea">
<Annotation Term="SAP__common.DocumentationRef" String="urn:sap-com:documentation:key?=type=DE&id=KOKRS&origin=NXS_100"/>
</Annotations>
<Annotations xmlns="http://docs.oasis-open.org/odata/ns/edm" Target="cds_zui_zsoscheme01.zsoschemeType/CreatedAt">
<Annotation Term="SAP__common.DocumentationRef" String="urn:sap-com:documentation:key?=type=DE&id=ABP_CREATION_TSTMPL&origin=NXS_100"/>
</Annotations>
<Annotations xmlns="http://docs.oasis-open.org/odata/ns/edm" Target="cds_zui_zsoscheme01.I_CompanyCodeVHType/FiscalYearVariant">
<Annotation Term="SAP__common.DocumentationRef" String="urn:sap-com:documentation:key?=type=DE&id=PERIV&origin=NXS_100"/>
</Annotations>
<Annotations xmlns="http://docs.oasis-open.org/odata/ns/edm" Target="cds_zui_zsoscheme01.zsoschemelinesType/LocalLastChangedAt">
<Annotation Term="SAP__common.DocumentationRef" String="urn:sap-com:documentation:key?=type=DE&id=ABP_LASTCHANGE_TSTMPL&origin=NXS_100"/>
</Annotations>
<Annotations xmlns="http://docs.oasis-open.org/odata/ns/edm" Target="cds_zui_zsoscheme01.zsoschemeType/LastChangedBy">
<Annotation Term="SAP__common.DocumentationRef" String="urn:sap-com:documentation:key?=type=DE&id=ABP_LOCINST_LASTCHANGE_USER&origin=NXS_100"/>
</Annotations>
<Annotations xmlns="http://docs.oasis-open.org/odata/ns/edm" Target="cds_zui_zsoscheme01.I_CompanyCodeVHType/Currency">
<Annotation Term="SAP__common.DocumentationRef" String="urn:sap-com:documentation:key?=type=DE&id=WAERS&origin=NXS_100"/>
</Annotations>
<Annotations xmlns="http://docs.oasis-open.org/odata/ns/edm" Target="cds_zui_zsoscheme01.zsoschemelinesType/CreatedAt">
<Annotation Term="SAP__common.DocumentationRef" String="urn:sap-com:documentation:key?=type=DE&id=ABP_CREATION_TSTMPL&origin=NXS_100"/>
</Annotations>
<Annotations xmlns="http://docs.oasis-open.org/odata/ns/edm" Target="cds_zui_zsoscheme01.I_CompanyCodeVHType/CreditControlArea">
<Annotation Term="SAP__common.DocumentationRef" String="urn:sap-com:documentation:key?=type=DE&id=KKBER&origin=NXS_100"/>
</Annotations>
<Annotations xmlns="http://docs.oasis-open.org/odata/ns/edm" Target="cds_zui_zsoscheme01.zsoschemeType/CreatedBy">
<Annotation Term="SAP__common.DocumentationRef" String="urn:sap-com:documentation:key?=type=DE&id=ABP_CREATION_USER&origin=NXS_100"/>
</Annotations>
<Annotations xmlns="http://docs.oasis-open.org/odata/ns/edm" Target="cds_zui_zsoscheme01.SAP__Currency/CurrencyCode">
<Annotation Term="SAP__common.Text" Path="Text"/>
<Annotation Term="SAP__common.UnitSpecificScale" Path="DecimalPlaces"/>
<Annotation Term="SAP__CodeList.StandardCode" Path="ISOCode"/>
</Annotations>
<Annotations xmlns="http://docs.oasis-open.org/odata/ns/edm" Target="cds_zui_zsoscheme01.SAP__UnitOfMeasure/UnitCode">
<Annotation Term="SAP__common.Text" Path="Text"/>
<Annotation Term="SAP__common.UnitSpecificScale" Path="DecimalPlaces"/>
<Annotation Term="SAP__CodeList.StandardCode" Path="ISOCode"/>
<Annotation Term="SAP__CodeList.ExternalCode" Path="ExternalCode"/>
</Annotations>
<Annotations xmlns="http://docs.oasis-open.org/odata/ns/edm" Target="cds_zui_zsoscheme01.SAP__UnitOfMeasure">
<Annotation Term="SAP__core.AlternateKeys">
<Collection>
<Record>
<PropertyValue Property="Key">
<Collection>
<Record>
<PropertyValue Property="Name" Path="ExternalCode"/>
<PropertyValue Property="Alias" String="ExternalCode"/>
</Record>
</Collection>
</PropertyValue>
</Record>
</Collection>
</Annotation>
</Annotations>
<Annotations xmlns="http://docs.oasis-open.org/odata/ns/edm" Target="cds_zui_zsoscheme01.SAP__DocumentDescription/CreatedBy">
<Annotation Term="SAP__core.Computed"/>
</Annotations>
<Annotations xmlns="http://docs.oasis-open.org/odata/ns/edm" Target="cds_zui_zsoscheme01.SAP__DocumentDescription/CreatedAt">
<Annotation Term="SAP__core.Computed"/>
</Annotations>
<Annotations xmlns="http://docs.oasis-open.org/odata/ns/edm" Target="cds_zui_zsoscheme01.SAP__Format/TextDirectionLayout">
<Annotation Term="SAP__core.Description" String="Setting the text direction-layout is supported"/>
<Annotation Term="SAP__core.LongDescription" String="PDF supports setting the text direction-layout (e.g. left-to-right or right-to-left) in the document description"/>
</Annotations>
<Annotations xmlns="http://docs.oasis-open.org/odata/ns/edm" Target="cds_zui_zsoscheme01.SAP__DocumentDescription">
<Annotation Term="SAP__capabilties.InsertRestrictions">
<Record>
<PropertyValue Property="Insertable" Bool="false"/>
</Record>
</Annotation>
<Annotation Term="SAP__capabilties.UpdateRestrictions">
<Record>
<PropertyValue Property="Updatable" Bool="false"/>
<PropertyValue Property="QueryOptions">
<Record>
<PropertyValue Property="SelectSupported" Bool="true"/>
</Record>
</PropertyValue>
</Record>
</Annotation>
<Annotation Term="SAP__capabilties.DeleteRestrictions">
<Record>
<PropertyValue Property="Deletable" Bool="false"/>
</Record>
</Annotation>
<Annotation Term="SAP__capabilties.FilterRestrictions">
<Record>
<PropertyValue Property="FilterExpressionRestrictions">
<Collection>
<Record>
<PropertyValue Property="Property" PropertyPath="Format/Orientation"/>
<PropertyValue Property="AllowedExpressions" String="Multivalue"/>
</Record>
<Record>
<PropertyValue Property="Property" PropertyPath="Format/PaperSize"/>
<PropertyValue Property="AllowedExpressions" String="Multivalue"/>
</Record>
</Collection>
</PropertyValue>
</Record>
</Annotation>
</Annotations>
<Annotations xmlns="http://docs.oasis-open.org/odata/ns/edm" Target="cds_zui_zsoscheme01.SAP__Format/FitToPage/ErrorRecoveryBehavior">
<Annotation Term="SAP__common.ValueListReferences">
<Record>
<PropertyValue Property="Url" String="./$metadata"/>
<PropertyValue Property="CollectionPath" String="../../../../SAP__ValueHelpSet?$filter=VALUEHELP%20eq%20%27ErrorRecoveryBehaviour%27"/>
</Record>
</Annotation>
<Annotation Term="SAP__common.ValueListWithFixedValues"/>
</Annotations>
<Annotations xmlns="http://docs.oasis-open.org/odata/ns/edm" Target="cds_zui_zsoscheme01.SAP__Format/FontName">
<Annotation Term="SAP__common.ValueListReferences">
<Record>
<PropertyValue Property="Url" String="./$metadata"/>
<PropertyValue Property="CollectionPath" String="SAP__ValueHelpSet?$filter=VALUEHELP%20eq%20%27FontName%27"/>
</Record>
</Annotation>
<Annotation Term="SAP__common.ValueListWithFixedValues"/>
</Annotations>
<Annotations xmlns="http://docs.oasis-open.org/odata/ns/edm" Target="cds_zui_zsoscheme01.SAP__Format/PaperSize">
<Annotation Term="SAP__common.ValueListReferences">
<Record>
<PropertyValue Property="Url" String="./$metadata"/>
<PropertyValue Property="CollectionPath" String="SAP__ValueHelpSet?$filter=VALUEHELP%20eq%20%27PaperSize%27"/>
</Record>
</Annotation>
<Annotation Term="SAP__common.ValueListWithFixedValues"/>
</Annotations>
<Annotations xmlns="http://docs.oasis-open.org/odata/ns/edm" Target="cds_zui_zsoscheme01.SAP__PDFHeader/Left">
<Annotation Term="SAP__common.ValueListReferences">
<Record>
<PropertyValue Property="Url" String="./$metadata"/>
<PropertyValue Property="CollectionPath" String="SAP__ValueHelpSet?$filter=VALUEHELP%20eq%20%27HeaderFooter%27"/>
</Record>
</Annotation>
<Annotation Term="SAP__common.ValueListWithFixedValues"/>
</Annotations>
<Annotations xmlns="http://docs.oasis-open.org/odata/ns/edm" Target="cds_zui_zsoscheme01.SAP__PDFHeader/Right">
<Annotation Term="SAP__common.ValueListReferences">
<Record>
<PropertyValue Property="Url" String="./$metadata"/>
<PropertyValue Property="CollectionPath" String="SAP__ValueHelpSet?$filter=VALUEHELP%20eq%20%27HeaderFooter%27"/>
</Record>
</Annotation>
<Annotation Term="SAP__common.ValueListWithFixedValues"/>
</Annotations>
<Annotations xmlns="http://docs.oasis-open.org/odata/ns/edm" Target="cds_zui_zsoscheme01.SAP__PDFHeader/Center">
<Annotation Term="SAP__common.ValueListReferences">
<Record>
<PropertyValue Property="Url" String="./$metadata"/>
<PropertyValue Property="CollectionPath" String="SAP__ValueHelpSet?$filter=VALUEHELP%20eq%20%27HeaderFooter%27"/>
</Record>
</Annotation>
<Annotation Term="SAP__common.ValueListWithFixedValues"/>
</Annotations>
<Annotations xmlns="http://docs.oasis-open.org/odata/ns/edm" Target="cds_zui_zsoscheme01.SAP__PDFFooter/Left">
<Annotation Term="SAP__common.ValueListReferences">
<Record>
<PropertyValue Property="Url" String="./$metadata"/>
<PropertyValue Property="CollectionPath" String="SAP__ValueHelpSet?$filter=VALUEHELP%20eq%20%27HeaderFooter%27"/>
</Record>
</Annotation>
<Annotation Term="SAP__common.ValueListWithFixedValues"/>
</Annotations>
<Annotations xmlns="http://docs.oasis-open.org/odata/ns/edm" Target="cds_zui_zsoscheme01.SAP__PDFFooter/Right">
<Annotation Term="SAP__common.ValueListReferences">
<Record>
<PropertyValue Property="Url" String="./$metadata"/>
<PropertyValue Property="CollectionPath" String="SAP__ValueHelpSet?$filter=VALUEHELP%20eq%20%27HeaderFooter%27"/>
</Record>
</Annotation>
<Annotation Term="SAP__common.ValueListWithFixedValues"/>
</Annotations>
<Annotations xmlns="http://docs.oasis-open.org/odata/ns/edm" Target="cds_zui_zsoscheme01.SAP__PDFFooter/Center">
<Annotation Term="SAP__common.ValueListReferences">
<Record>
<PropertyValue Property="Url" String="./$metadata"/>
<PropertyValue Property="CollectionPath" String="SAP__ValueHelpSet?$filter=VALUEHELP%20eq%20%27HeaderFooter%27"/>
</Record>
</Annotation>
<Annotation Term="SAP__common.ValueListWithFixedValues"/>
</Annotations>
<Annotations xmlns="http://docs.oasis-open.org/odata/ns/edm" Target="cds_zui_zsoscheme01.SAP__TableColumns/Format/Display_Format">
<Annotation Term="SAP__common.ValueListReferences">
<Record>
<PropertyValue Property="Url" String="./$metadata"/>
<PropertyValue Property="CollectionPath" String="SAP__ValueHelpSet?$filter=VALUEHELP%20eq%20%27TableColumnFormat%27"/>
</Record>
</Annotation>
<Annotation Term="SAP__common.ValueListWithFixedValues"/>
</Annotations>
<Annotations xmlns="http://docs.oasis-open.org/odata/ns/edm" Target="cds_zui_zsoscheme01.SAP__FileShare">
<Annotation Term="SAP__common.ValueListReferences">
<Record>
<PropertyValue Property="Url" String="./$metadata"/>
<PropertyValue Property="CollectionPath" String="SAP__ValueHelpSet?$filter=VALUEHELP%20eq%20%27FileShare%27"/>
</Record>
</Annotation>
<Annotation Term="SAP__common.ValueListWithFixedValues"/>
</Annotations>
<Annotations xmlns="http://docs.oasis-open.org/odata/ns/edm" Target="cds_zui_zsoscheme01.SAP__Format/Orientation">
<Annotation Term="SAP__common.ValueListReferences">
<Record>
<PropertyValue Property="Url" String="./$metadata"/>
<PropertyValue Property="CollectionPath" String="SAP__ValueHelpSet?$filter=VALUEHELP%20eq%20%27FontName%27"/>
</Record>
</Annotation>
<Annotation Term="SAP__common.ValueListWithFixedValues"/>
</Annotations>
<Annotations xmlns="http://docs.oasis-open.org/odata/ns/edm" Target="cds_zui_zsoscheme01.SAP__TableColumns/HorizontalAlignment">
<Annotation Term="SAP__common.ValueListReferences">
<Record>
<PropertyValue Property="Url" String="./$metadata"/>
<PropertyValue Property="CollectionPath" String="SAP__ValueHelpSet?$filter=VALUEHELP%20eq%20%27HorizontalAlignment%27"/>
</Record>
</Annotation>
<Annotation Term="SAP__common.ValueListWithFixedValues"/>
</Annotations>
<atom:link xmlns:atom="http://www.w3.org/2005/Atom" rel="self" href="https://my418719-api.s4hana.cloud.sap/sap/opu/odata/sap/ZUI_ZSOSCHEME_O2/$metadata"/>
<atom:link xmlns:atom="http://www.w3.org/2005/Atom" rel="latest-version" href="https://my418719-api.s4hana.cloud.sap/sap/opu/odata/sap/ZUI_ZSOSCHEME_O2/$metadata"/>
</Schema>
</edmx:DataServices>
</edmx:Edmx>